m;76367;0;0;92462
m;76424;0;0;47295
m;76435;0;0;47315
m;76446;0;0;47300
m;76459;0;0;47308
m;76470;0;0;47392
m;76480;0;0;47330
m;76491;0;0;47345
m;76503;0;0;47316
m;76514;0;0;47312
m;76525;0;0;47334
m;76537;0;0;47287
m;76548;0;0;47316
m;76559;0;0;47246
m;76571;0;0;47316
m;76582;0;0;47330
m;76594;0;0;47311
m;76606;0;0;47325
m;76616;0;0;47268
m;76627;0;0;47305
m;76639;0;0;47197
m;76651;0;0;47222
m;76662;0;0;47268
m;76673;0;0;47313
m;76685;0;0;47278
m;76696;0;0;47175
m;76707;0;0;47207
m;76720;0;0;47182
m;76731;0;0;47219
m;76741;0;0;47231
m;76752;0;0;47240
m;76765;0;0;47251
m;76776;0;0;47224
m;76787;0;0;47254
m;76798;0;0;47239
m;76810;0;0;47339
m;76821;0;0;47212
m;76833;0;0;47171
m;76845;0;0;47233
m;76856;0;0;47213
m;76866;0;0;47272
m;76878;0;0;47188
m;76890;0;0;47161
m;76901;0;0;47161
m;76913;0;0;47161
m;76923;0;0;47152
m;76935;0;0;47208
m;76947;0;0;47356
m;76958;0;0;47286
m;76969;0;0;47321
m;76981;0;0;47306
m;76992;0;0;47185
m;77003;0;0;47192
m;77015;0;0;47200
m;77027;0;0;47275
m;77038;0;0;47271
m;77049;0;0;47317
m;77061;0;0;47218
m;77072;0;0;47206
m;77083;0;0;47227
m;77094;0;0;47194
m;77107;0;0;47215
m;77117;0;0;47162
m;77128;0;0;47198
m;77140;0;0;47226
m;77152;0;0;47234
m;77163;0;0;47223
m;77175;0;0;47180
m;77186;0;0;47188
m;77197;0;0;47178
m;77208;0;0;47248
m;77219;0;0;47191
m;77231;0;0;47159
m;77241;0;0;47159
m;77253;0;0;47186
m;77264;0;0;47194
m;77276;0;0;47150
m;77288;0;0;47240
m;77299;0;0;47224
m;77309;0;0;47223
m;77322;0;0;47139
m;77333;0;0;47160
m;77344;0;0;47215
m;77356;0;0;47109
m;77367;0;0;47139
m;77378;0;0;47166
m;77389;0;0;47187
m;77402;0;0;47169
m;77413;0;0;47166
m;77424;0;0;47169
m;77435;0;0;47094
m;77447;0;0;47125
m;77458;0;0;47163
m;77469;0;0;47188
m;77481;0;0;47138
m;77493;0;0;47116
m;77503;0;0;47224
m;77515;0;0;47177
m;77527;0;0;47181
m;77538;0;0;47129
m;77550;0;0;47141
m;77560;0;0;47144
m;77572;0;0;47187
m;77583;0;0;47196
m;77595;0;0;47067
m;77606;0;0;47101
m;77618;0;0;47080
m;77629;0;0;47195
m;77640;0;0;47179
m;77651;0;0;47111
m;77664;0;0;47114
m;77675;0;0;47080
m;77685;0;0;47129
m;77697;0;0;47118
m;77709;0;0;47171
m;77720;0;0;47066
m;77731;0;0;47074
m;77744;0;0;47141
m;77754;0;0;47163
m;77765;0;0;47171
m;77777;0;0;47124
m;77789;0;0;47179
m;77800;0;0;47147
m;77810;0;0;47111
m;77822;0;0;47081
m;77834;0;0;47018
m;77845;0;0;47118
m;77857;0;0;47127
m;77869;0;0;47176
m;77879;0;0;47159
m;77891;0;0;47119
m;77902;0;0;47109
m;77914;0;0;47085
m;77925;0;0;47103
m;77937;0;0;47108
m;77947;0;0;47159
m;77959;0;0;47085
m;77971;0;0;47071
m;77982;0;0;47126
m;77993;0;0;47129
m;78005;0;0;47221
m;78016;0;0;47141
m;78027;0;0;47137
m;78039;0;0;47087
m;78050;0;0;47080
m;78061;0;0;47120
m;78071;0;0;47106
m;78084;0;0;47143
m;78095;0;0;47032
m;78106;0;0;47074
m;78118;0;0;47130
m;78129;0;0;47160
m;78140;0;0;47102
m;78152;0;0;47100
m;78163;0;0;47180
m;78175;0;0;47094
m;78186;0;0;47084
m;78197;0;0;47085
m;78209;0;0;47186
m;78220;0;0;47229
m;78232;0;0;47120
m;78243;0;0;47137
m;78254;0;0;47110
m;78266;0;0;47139
m;78277;0;0;47124
m;78288;0;0;47091
m;78300;0;0;47067
m;78312;0;0;47093
m;78322;0;0;47083
m;78333;0;0;47003
m;78346;0;0;47107
m;78357;0;0;47080
m;78368;0;0;47149
m;78381;0;0;47069
m;78391;0;0;47033
m;78402;0;0;47061
m;78413;0;0;47010
m;78426;0;0;47034
m;78437;0;0;47067
m;78447;0;0;47174
m;78459;0;0;47182
m;78471;0;0;47105
m;78482;0;0;47092
m;78494;0;0;47142
m;78505;0;0;47205
m;78516;0;0;47084
m;78527;0;0;47093
m;78539;0;0;47153
m;78551;0;0;47152
m;78562;0;0;47112
m;78573;0;0;47094
m;78584;0;0;47139
m;78596;0;0;47084
m;78608;0;0;47101
m;78619;0;0;47116
m;78630;0;0;47120
m;78641;0;0;47103
m;78653;0;0;47118
m;78664;0;0;47199
m;78675;0;0;47185
m;78688;0;0;47151
m;78698;0;0;47141
m;78709;0;0;47163
m;78722;0;0;47213
m;78733;0;0;47129
m;78744;0;0;47097
m;78755;0;0;47117
m;78766;0;0;47170
m;78777;0;0;47154
m;78788;0;0;47157
m;78800;0;0;47127
m;78812;0;0;47144
m;78823;0;0;47219
m;78834;0;0;47180
m;78845;0;0;47133
m;78857;0;0;47110
m;78869;0;0;47121
m;78880;0;0;47140
m;78891;0;0;47151
m;78902;0;0;47156
m;78914;0;0;47150
m;78925;0;0;47158
m;78937;0;0;47107
m;78949;0;0;47129
m;78959;0;0;47151
m;78970;0;0;47184
m;78983;0;0;47181
m;78994;0;0;47129
m;79005;0;0;47124
m;79015;0;0;47062
m;79028;0;0;47060
m;79039;0;0;47092
m;79050;0;0;47131
m;79063;0;0;47134
m;79074;0;0;47132
m;79084;0;0;47232
m;79096;0;0;47204
m;79108;0;0;47254
m;79119;0;0;47221
m;79130;0;0;47123
m;79141;0;0;47068
m;79153;0;0;47089
m;79164;0;0;47125
m;79176;0;0;47199
m;79187;0;0;47466
m;79199;0;0;47475
m;79210;0;0;47449
m;79221;0;0;47459
m;79233;0;0;47429
m;79244;0;0;47491
m;79256;0;0;47441
m;79266;0;0;47457
m;79278;0;0;47471
m;79290;0;0;47492
m;79301;0;0;47462
m;79312;0;0;47430
m;79325;0;0;47556
m;79335;0;0;47536
m;79346;0;0;47489
m;79357;0;0;47465
m;79370;0;0;47477
m;79381;0;0;47500
m;79392;0;0;47486
m;79404;0;0;47511
m;79415;0;0;47462
m;79426;0;0;47435
m;79438;0;0;47491
m;79450;0;0;47518
m;79460;0;0;47463
m;79471;0;0;47384
m;79483;0;0;47345
m;79495;0;0;47400
m;79506;0;0;47457
m;79518;0;0;47308
m;79528;0;0;47327
m;79540;0;0;47368
m;79552;0;0;47374
m;79563;0;0;47468
m;79575;0;0;47460
m;79585;0;0;47432
m;79597;0;0;47435
m;79608;0;0;47398
m;79620;0;0;47378
m;79632;0;0;47318
m;79643;0;0;47406
m;79653;0;0;47391
m;79666;0;0;47395
m;79677;0;0;47363
m;79688;0;0;47409
m;79700;0;0;47399
m;79711;0;0;47345
m;79722;0;0;47378
m;79733;0;0;47390
m;79746;0;0;47432
m;79757;0;0;47332
m;79768;0;0;47302
m;79779;0;0;47302
m;79791;0;0;47324
m;79802;0;0;47432
m;79814;0;0;47437
m;79825;0;0;47458
m;79836;0;0;47438
m;79847;0;0;47404
m;79859;0;0;47442
m;79870;0;0;47423
m;79882;0;0;47371
m;79894;0;0;47375
m;79904;0;0;47417
m;79916;0;0;47413
m;79928;0;0;47438
m;79939;0;0;47412
m;79950;0;0;47416
m;79962;0;0;47471
m;79973;0;0;47365
m;79984;0;0;47365
m;79995;0;0;47359
m;80008;0;0;47423
m;80019;0;0;47433
m;80029;0;0;47452
m;80041;0;0;47458
m;80053;0;0;47392
m;80064;0;0;47338
m;80075;0;0;47266
m;80088;0;0;47285
m;80098;0;0;47296
m;80109;0;0;47381
m;80121;0;0;47472
m;80133;0;0;47388
m;80144;0;0;47359
m;80155;0;0;47337
m;80166;0;0;47343
m;80178;0;0;47338
m;80189;0;0;47325
m;80201;0;0;47328
m;80212;0;0;47280
m;80223;0;0;47313
m;80235;0;0;47291
m;80246;0;0;47242
m;80258;0;0;47265
m;80270;0;0;47301
m;80280;0;0;47343
m;80291;0;0;47297
m;80303;0;0;47358
m;80315;0;0;47268
m;80326;0;0;47324
m;80337;0;0;47295
m;80349;0;0;47285
m;80360;0;0;47308
m;80371;0;0;47298
m;80384;0;0;47402
m;80395;0;0;47323
m;80406;0;0;47300
m;80416;0;0;47273
m;80429;0;0;47185
m;80440;0;0;47162
m;80451;0;0;47289
m;80463;0;0;47292
m;80474;0;0;47295
m;80485;0;0;47391
m;80497;0;0;47373
m;80508;0;0;47349
m;80520;0;0;47503
m;80532;0;0;47464
m;80542;0;0;47494
m;80553;0;0;47395
m;80565;0;0;47401
m;80577;0;0;47308
m;80588;0;0;47259
m;80599;0;0;47295
m;80611;0;0;47355
m;80622;0;0;47323
m;80633;0;0;47282
m;80646;0;0;47315
m;80657;0;0;47280
m;80667;0;0;47288
m;80678;0;0;47319
m;80691;0;0;47301
m;80702;0;0;47254
m;80713;0;0;47109
m;80724;0;0;47171
m;80736;0;0;47196
m;80747;0;0;47289
m;80759;0;0;47322
m;80771;0;0;47287
m;80782;0;0;47347
m;80792;0;0;47400
m;80804;0;0;47399
m;80816;0;0;47326
m;80827;0;0;47373
m;80839;0;0;47426
m;80849;0;0;47451
m;80861;0;0;47486
m;80873;0;0;47410
m;80884;0;0;47420
m;80896;0;0;47309
m;80907;0;0;47366
m;80918;0;0;47431
m;80929;0;0;47429
m;80941;0;0;47381
m;80953;0;0;47303
m;80964;0;0;47310
m;80975;0;0;47310
m;80987;0;0;47294
m;80998;0;0;47236
m;81009;0;0;47272
m;81020;0;0;47297
m;81033;0;0;47246
m;81043;0;0;47296
m;81054;0;0;47280
m;81067;0;0;47272
m;81078;0;0;47279
m;81089;0;0;47311
m;81101;0;0;47366
m;81112;0;0;47279
m;81123;0;0;47400
m;81134;0;0;47306
m;81146;0;0;47325
m;81158;0;0;47293
m;81168;0;0;47240
m;81180;0;0;47231
m;81191;0;0;47135
m;81203;0;0;47117
m;81215;0;0;47043
m;81226;0;0;47065
m;81236;0;0;47061
m;81248;0;0;47021
m;81260;0;0;47039
m;81271;0;0;47041
m;81283;0;0;46971
m;81294;0;0;46999
m;81305;0;0;47057
m;81316;0;0;47062
m;81329;0;0;47048
m;81340;0;0;47104
m;81351;0;0;47095
m;81361;0;0;47095
m;81373;0;0;47123
m;81384;0;0;47125
m;81395;0;0;47096
m;81408;0;0;47109
m;81419;0;0;47115
m;81429;0;0;47144
m;81441;0;0;47180
m;81453;0;0;47180
m;81464;0;0;47248
m;81476;0;0;47156
m;81486;0;0;47199
m;81498;0;0;47225
m;81509;0;0;47192
m;81521;0;0;47181
m;81532;0;0;47130
m;81544;0;0;47200
m;81555;0;0;47235
m;81566;0;0;47241
m;81577;0;0;47248
m;81590;0;0;47220
m;81601;0;0;47246
m;81611;0;0;47175
m;81623;0;0;47210
m;81635;0;0;47144
m;81646;0;0;47138
m;81657;0;0;47143
m;81670;0;0;47203
m;81680;0;0;47239
m;81691;0;0;47180
m;81703;0;0;47303
m;81715;0;0;47415
m;81726;0;0;47529
m;81736;0;0;47718
m;81748;0;0;47920
m;81760;0;0;48109
m;81771;0;0;48278
m;81783;0;0;48372
m;81795;0;0;48416
m;81805;0;0;48523
m;81817;0;0;48571
m;81828;0;0;48598
m;81840;0;0;48754
m;81851;0;0;48970
m;81863;0;0;49050
m;81873;0;0;48983
m;81885;0;0;48963
m;81897;0;0;49033
m;81908;0;0;49151
m;81920;0;0;49225
m;81931;0;0;49284
m;81942;0;0;49382
m;81953;0;0;49355
m;81965;0;0;49445
m;81977;0;0;49413
m;81988;0;0;49341
m;81998;0;0;49472
m;82011;0;0;49556
m;82022;0;0;49707
m;82033;0;0;49851
m;82045;0;0;49940
m;82056;0;0;50037
m;82067;0;0;50208
m;82078;0;0;50250
m;82091;0;0;50153
m;82102;0;0;50183
m;82113;0;0;50256
m;82124;0;0;50296
m;82136;0;0;50311
m;82147;0;0;50431
m;82159;0;0;50648
m;82170;0;0;50878
m;82181;0;0;50981
m;82192;0;0;50998
m;82203;0;0;51104
m;82214;0;0;51263
m;82226;0;0;51485
m;82238;0;0;51698
m;82248;0;0;51827
m;82259;0;0;52008
m;82272;0;0;52125
m;82283;0;0;52332
m;82294;0;0;52420
m;82306;0;0;52460
m;82317;0;0;52481
m;82328;0;0;52355
m;82339;0;0;52539
m;82352;0;0;52815
m;82363;0;0;53110
m;82373;0;0;53254
m;82385;0;0;53355
m;82397;0;0;53439
m;82408;0;0;53455
m;82420;0;0;53517
m;82432;0;0;53456
m;82442;0;0;53541
m;82453;0;0;53714
m;82465;0;0;54115
m;82477;0;0;54566
m;82488;0;0;54704
m;82499;0;0;54763
m;82510;0;0;54806
m;82522;0;0;54895
m;82534;0;0;54978
m;82545;0;0;55021
m;82556;0;0;55041
m;82567;0;0;55179
m;82579;0;0;55690
m;82590;0;0;56228
m;82601;0;0;56972
m;82614;0;0;57623
m;82624;0;0;58026
m;82635;0;0;57941
m;82648;0;0;57656
m;82659;0;0;57834
m;82670;0;0;58383
m;82681;0;0;59382
m;82693;0;0;60074
m;82704;0;0;60724
m;82715;0;0;61439
m;82727;0;0;62100
m;82739;0;0;61980
m;82749;0;0;60224
m;82761;0;0;58179
m;82772;0;0;56923
m;82784;0;0;56685
m;82795;0;0;57272
m;82807;0;0;57325
m;82818;0;0;56990
m;82829;0;0;56400
m;82841;0;0;56329
m;82852;0;0;57492
m;82864;0;0;57842
m;82876;0;0;58624
m;82886;0;0;60189
m;82897;0;0;59957
m;82909;0;0;59633
m;82920;0;0;58786
m;82931;0;0;58849
m;82941;0;0;59166
m;82954;0;0;59419
m;82965;0;0;59898
m;82976;0;0;60070
m;82989;0;0;59991
m;83000;0;0;59861
m;83010;0;0;59582
m;83022;0;0;59590
m;83034;0;0;59828
m;83045;0;0;59216
m;83056;0;0;58629
m;83067;0;0;59164
m;83079;0;0;59543
m;83090;0;0;59790
m;83102;0;0;60017
m;83113;0;0;60099
m;83125;0;0;59638
m;83136;0;0;59929
m;83147;0;0;61023
m;83159;0;0;61923
m;83170;0;0;61499
m;83182;0;0;61389
m;83192;0;0;61821
m;83204;0;0;61739
m;83216;0;0;62389
m;83227;0;0;62119
m;83238;0;0;62982
m;83251;0;0;63236
m;83261;0;0;63599
m;83272;0;0;63758
m;83283;0;0;62574
m;83296;0;0;62808
m;83307;0;0;63428
m;83317;0;0;62941
m;83330;0;0;62831
m;83341;0;0;63370
m;83352;0;0;62512
m;83364;0;0;63031
m;83376;0;0;62571
m;83386;0;0;62229
m;83397;0;0;62889
m;83409;0;0;62214
m;83421;0;0;63154
m;83432;0;0;64934
m;83444;0;0;65308
m;83454;0;0;64660
m;83466;0;0;64422
m;83478;0;0;63927
m;83489;0;0;62664
m;83501;0;0;61996
m;83511;0;0;62636
m;83523;0;0;63565
m;83534;0;0;63454
m;83546;0;0;63875
m;83558;0;0;64035
m;83569;0;0;63457
m;83579;0;0;64770
m;83592;0;0;65308
m;83603;0;0;64693
m;83614;0;0;64670
m;83625;0;0;65372
m;83637;0;0;64638
m;83648;0;0;64070
m;83659;0;0;65632
m;83672;0;0;65502
m;83683;0;0;65203
m;83694;0;0;65027
m;83705;0;0;64733
m;83717;0;0;64568
m;83728;0;0;64278
m;83740;0;0;64077
m;83751;0;0;64245
m;83762;0;0;63823
m;83773;0;0;62942
m;83785;0;0;63069
m;83796;0;0;64442
m;83808;0;0;64252
m;83820;0;0;63883
m;83830;0;0;64479
m;83842;0;0;64147
m;83854;0;0;64628
m;83865;0;0;64192
m;83876;0;0;63919
m;83888;0;0;64138
m;83899;0;0;64656
m;83910;0;0;64832
m;83921;0;0;65550
m;83934;0;0;65764
m;83945;0;0;64170
m;83955;0;0;64489
m;83968;0;0;65756
m;83979;0;0;65397
m;83990;0;0;64643
m;84001;0;0;63780
m;84014;0;0;64278
m;84024;0;0;64451
m;84035;0;0;64217
m;84047;0;0;63933
m;84059;0;0;63763
m;84070;0;0;64051
m;84081;0;0;65357
m;84092;0;0;65276
m;84104;0;0;64176
m;84115;0;0;64870
m;84127;0;0;64775
m;84139;0;0;64218
m;84149;0;0;65156
m;84161;0;0;65860
m;84172;0;0;66414
m;84184;0;0;65469
m;84196;0;0;65798
m;84206;0;0;65661
m;84217;0;0;65854
m;84229;0;0;66050
m;84241;0;0;66135
m;84252;0;0;66775
m;84263;0;0;67101
m;84275;0;0;66645
m;84286;0;0;67111
m;84297;0;0;67152
m;84310;0;0;66717
m;84321;0;0;65760
m;84331;0;0;65854
m;84342;0;0;67240
m;84355;0;0;67839
m;84366;0;0;68197
m;84377;0;0;68249
m;84389;0;0;67886
m;84400;0;0;68522
m;84411;0;0;68663
m;84423;0;0;68618
m;84434;0;0;68091
m;84446;0;0;67876
m;84457;0;0;68072
m;84467;0;0;68632
m;84478;0;0;68835
m;84490;0;0;69278
m;84502;0;0;68487
m;84513;0;0;68555
m;84524;0;0;68298
m;84536;0;0;67546
m;84547;0;0;67829
m;84558;0;0;68320
m;84571;0;0;68693
m;84582;0;0;67582
m;84592;0;0;67087
m;84603;0;0;67022
m;84616;0;0;66469
m;84627;0;0;65539
m;84638;0;0;65723
m;84649;0;0;66043
m;84661;0;0;65843
m;84672;0;0;66201
m;84684;0;0;66386
m;84696;0;0;65535
m;84707;0;0;65296
m;84717;0;0;64788
m;84729;0;0;65681
m;84741;0;0;65932
m;84752;0;0;65027
m;84764;0;0;64155
m;84774;0;0;63928
m;84786;0;0;64182
m;84798;0;0;63852
m;84809;0;0;63699
m;84820;0;0;64644
m;84832;0;0;65997
m;84843;0;0;66675
m;84854;0;0;67630
m;84866;0;0;67328
m;84878;0;0;67326
m;84889;0;0;67872
m;84899;0;0;68154
m;84912;0;0;67167
m;84923;0;0;65456
m;84934;0;0;67245
m;84945;0;0;68362
m;84958;0;0;69004
m;84968;0;0;69489
m;84979;0;0;67550
m;84992;0;0;67713
m;85003;0;0;66804
m;85014;0;0;65785
m;85026;0;0;65180
m;85037;0;0;66358
m;85048;0;0;66498
m;85059;0;0;65548
m;85071;0;0;65630
m;85083;0;0;66099
m;85093;0;0;66301
m;85105;0;0;66193
m;85116;0;0;67002
m;85128;0;0;67036
m;85140;0;0;66730
m;85151;0;0;66411
m;85161;0;0;66221
m;85173;0;0;66155
m;85185;0;0;65975
m;85196;0;0;65403
m;85208;0;0;65174
m;85219;0;0;65144
m;85230;0;0;66536
m;85241;0;0;67849
m;85254;0;0;67104
m;85265;0;0;65216
m;85276;0;0;65116
m;85286;0;0;65212
m;85299;0;0;64217
m;85310;0;0;63169
m;85321;0;0;63312
m;85334;0;0;64096
m;85344;0;0;64126
m;85355;0;0;63364
m;85367;0;0;64685
m;85379;0;0;65535
m;85390;0;0;65982
m;85402;0;0;66154
m;85412;0;0;66848
m;85424;0;0;67202
m;85435;0;0;66609
m;85447;0;0;67553
m;85458;0;0;68411
m;85469;0;0;69131
m;85481;0;0;70020
m;85492;0;0;69934
m;85504;0;0;70799
m;85516;0;0;70630
m;85527;0;0;70859
m;85537;0;0;70541
m;85549;0;0;70429
m;85561;0;0;71834
m;85572;0;0;72213
m;85583;0;0;72159
m;85596;0;0;72306
m;85606;0;0;71384
m;85617;0;0;71622
m;85629;0;0;72030
m;85641;0;0;71697
m;85652;0;0;71546
m;85662;0;0;71443
m;85675;0;0;70539
m;85686;0;0;70279
m;85697;0;0;71272
m;85709;0;0;70868
m;85721;0;0;70299
m;85731;0;0;70494
m;85743;0;0;69792
m;85754;0;0;68929
m;85766;0;0;67884
m;85777;0;0;67688
m;85788;0;0;67695
m;85799;0;0;66883
m;85811;0;0;66208
m;85823;0;0;66283
m;85834;0;0;66374
m;85846;0;0;66595
m;85857;0;0;66820
m;85868;0;0;67364
m;85879;0;0;68300
m;85891;0;0;68328
m;85903;0;0;69174
m;85913;0;0;70171
m;85924;0;0;71241
m;85937;0;0;72256
m;85948;0;0;72935
m;85959;0;0;73998
m;85971;0;0;73479
m;85982;0;0;72701
m;85993;0;0;73230
m;86004;0;0;72624
m;86017;0;0;73100
m;86028;0;0;73822
m;86039;0;0;73700
m;86050;0;0;73369
m;86062;0;0;72334
m;86073;0;0;72428
m;86085;0;0;72036
m;86096;0;0;71175
m;86107;0;0;71733
m;86118;0;0;71387
m;86130;0;0;71618
m;86141;0;0;71555
m;86153;0;0;71528
m;86165;0;0;70632
m;86175;0;0;70118
m;86187;0;0;71082
m;86199;0;0;72439
m;86210;0;0;71679
m;86221;0;0;70847
m;86232;0;0;70232
m;86244;0;0;70448
m;86255;0;0;70811
m;86266;0;0;71265
m;86279;0;0;72545
m;86290;0;0;73675
m;86300;0;0;72484
m;86312;0;0;72569
m;86324;0;0;74034
m;86335;0;0;74111
m;86347;0;0;74234
m;86358;0;0;73347
m;86369;0;0;71980
m;86380;0;0;70161
m;86392;0;0;71364
m;86404;0;0;71607
m;86415;0;0;72611
m;86426;0;0;71689
m;86437;0;0;70070
m;86449;0;0;71551
m;86461;0;0;72956
m;86472;0;0;73181
m;86483;0;0;72690
m;86494;0;0;72918
m;86506;0;0;74201
m;86517;0;0;75516
m;86529;0;0;75518
m;86541;0;0;75771
m;86551;0;0;75563
m;86562;0;0;74512
m;86575;0;0;72493
m;86586;0;0;73339
m;86597;0;0;74565
m;86608;0;0;73653
m;86620;0;0;73860
m;86631;0;0;73394
m;86642;0;0;73123
m;86654;0;0;73505
m;86666;0;0;72984
m;86676;0;0;72055
m;86688;0;0;71673
m;86700;0;0;72001
m;86711;0;0;72287
m;86722;0;0;72486
m;86734;0;0;70732
m;86745;0;0;70709
m;86756;0;0;71457
m;86768;0;0;72356
m;86779;0;0;72350
m;86791;0;0;71988
m;86802;0;0;71851
m;86813;0;0;71342
m;86824;0;0;70939
m;86836;0;0;70729
m;86848;0;0;69229
m;86859;0;0;69546
m;86870;0;0;69819
m;86882;0;0;70335
m;86893;0;0;69782
m;86904;0;0;69489
m;86917;0;0;69965
m;86927;0;0;69693
m;86938;0;0;69521
m;86949;0;0;69537
m;86962;0;0;69230
m;86973;0;0;68734
m;86984;0;0;68430
m;86995;0;0;69575
m;87007;0;0;71348
m;87018;0;0;69913
m;87030;0;0;68533
m;87042;0;0;67926
m;87053;0;0;67881
m;87063;0;0;68973
m;87074;0;0;70927
m;87086;0;0;69491
m;87097;0;0;67151
m;87109;0;0;68593
m;87119;0;0;69607
m;87131;0;0;68353
m;87143;0;0;68163
m;87154;0;0;68160
m;87165;0;0;68031
m;87178;0;0;68141
m;87188;0;0;66652
m;87199;0;0;66314
m;87211;0;0;67194
m;87223;0;0;66754
m;87234;0;0;66391
m;87244;0;0;66474
m;87257;0;0;66936
m;87268;0;0;67011
m;87279;0;0;67248
m;87291;0;0;66977
m;87303;0;0;67256
m;87313;0;0;68717
m;87324;0;0;69690
m;87336;0;0;69068
m;87348;0;0;69071
m;87359;0;0;69217
m;87370;0;0;68828
m;87382;0;0;68462
m;87393;0;0;68539
m;87405;0;0;69656
m;87416;0;0;68954
m;87428;0;0;69085
m;87438;0;0;69933
m;87450;0;0;70384
m;87461;0;0;70333
m;87473;0;0;71323
m;87485;0;0;72662
m;87496;0;0;71507
m;87506;0;0;70617
m;87519;0;0;71446
m;87530;0;0;72308
m;87541;0;0;71552
m;87553;0;0;71019
m;87564;0;0;70251
m;87575;0;0;70080
m;87586;0;0;69325
m;87599;0;0;69297
m;87610;0;0;69190
m;87621;0;0;70744
m;87632;0;0;69936
m;87644;0;0;68812
m;87655;0;0;70331
m;87666;0;0;71108
m;87678;0;0;71845
m;87689;0;0;71071
m;87700;0;0;69501
m;87712;0;0;69712
m;87724;0;0;70561
m;87735;0;0;70605
m;87747;0;0;70028
m;87757;0;0;69551
m;87769;0;0;68929
m;87780;0;0;69675
m;87791;0;0;70547
m;87802;0;0;72646
m;87813;0;0;71666
m;87825;0;0;71004
m;87836;0;0;71087
m;87847;0;0;71737
m;87860;0;0;73307
m;87871;0;0;73863
m;87881;0;0;72009
m;87894;0;0;72023
m;87905;0;0;72969
m;87916;0;0;70933
m;87927;0;0;70303
m;87940;0;0;71808
m;87950;0;0;72343
m;87961;0;0;73229
m;87973;0;0;73592
m;87985;0;0;70705
m;87996;0;0;69902
m;88007;0;0;68788
m;88018;0;0;68720
m;88030;0;0;69085
m;88041;0;0;70058
m;88053;0;0;70158
m;88065;0;0;70693
m;88075;0;0;73623
m;88087;0;0;76412
m;88098;0;0;75591
m;88110;0;0;75634
m;88122;0;0;76484
m;88132;0;0;76469
m;88143;0;0;75219
m;88155;0;0;74565
m;88167;0;0;74090
m;88178;0;0;72937
m;88189;0;0;71308
m;88201;0;0;68925
m;88212;0;0;68626
m;88223;0;0;69194
m;88236;0;0;69248
m;88247;0;0;70028
m;88257;0;0;70219
m;88268;0;0;71007
m;88281;0;0;72109
m;88292;0;0;72593
m;88303;0;0;71629
m;88315;0;0;71036
m;88326;0;0;70137
m;88337;0;0;69311
m;88349;0;0;68811
m;88360;0;0;68193
m;88372;0;0;68195
m;88383;0;0;68505
m;88394;0;0;69990
m;88406;0;0;71564
m;88417;0;0;72799
m;88429;0;0;71954
m;88440;0;0;72124
m;88451;0;0;71879
m;88463;0;0;72559
m;88474;0;0;71867
m;88485;0;0;72528
m;88497;0;0;72965
m;88508;0;0;72706
m;88518;0;0;71532
m;88529;0;0;72166
m;88542;0;0;73395
m;88553;0;0;74162
m;88564;0;0;74872
m;88576;0;0;73408
m;88587;0;0;72166
m;88598;0;0;73939
m;88610;0;0;75540
m;88622;0;0;75038
m;88633;0;0;74864
m;88643;0;0;74812
m;88655;0;0;74978
m;88667;0;0;73918
m;88678;0;0;72528
m;88690;0;0;71944
m;88700;0;0;71326
m;88712;0;0;69799
m;88724;0;0;69513
m;88735;0;0;70178
m;88747;0;0;69668
m;88758;0;0;69806
m;88769;0;0;70683
m;88780;0;0;71683
m;88792;0;0;71933
m;88804;0;0;71369
m;88815;0;0;71668
m;88826;0;0;73470
m;88838;0;0;74632
m;88849;0;0;75550
m;88860;0;0;75731
m;88871;0;0;75312
m;88884;0;0;74664
m;88894;0;0;74981
m;88905;0;0;76040
m;88918;0;0;74798
m;88929;0;0;73779
m;88940;0;0;73345
m;88952;0;0;71691
m;88963;0;0;70769
m;88974;0;0;70354
m;88985;0;0;70866
m;88997;0;0;71160
m;89009;0;0;71350
m;89019;0;0;71699
m;89031;0;0;71773
m;89042;0;0;71391
m;89054;0;0;72886
m;89066;0;0;73929
m;89077;0;0;73201
m;89088;0;0;73267
m;89099;0;0;73888
m;89111;0;0;75253
m;89122;0;0;76127
m;89134;0;0;76615
m;89145;0;0;75541
m;89156;0;0;74183
m;89167;0;0;75194
m;89180;0;0;75719
m;89191;0;0;73887
m;89202;0;0;73589
m;89212;0;0;73638
m;89225;0;0;72637
m;89236;0;0;71680
m;89247;0;0;72674
m;89260;0;0;73830
m;89271;0;0;73175
m;89281;0;0;73019
m;89293;0;0;71660
m;89305;0;0;73968
m;89316;0;0;73912
m;89328;0;0;72374
m;89338;0;0;71219
m;89350;0;0;71126
m;89361;0;0;71210
m;89373;0;0;70007
m;89384;0;0;72718
m;89396;0;0;74079
m;89407;0;0;72585
m;89418;0;0;71422
m;89430;0;0;70709
m;89442;0;0;72502
m;89453;0;0;74040
m;89463;0;0;71747
m;89475;0;0;70681
m;89487;0;0;69958
m;89498;0;0;70874
m;89509;0;0;70771
m;89522;0;0;71083
m;89532;0;0;71872
m;89543;0;0;70825
m;89555;0;0;72265
m;89567;0;0;74080
m;89578;0;0;75385
m;89588;0;0;77756
m;89601;0;0;78296
m;89612;0;0;78844
m;89623;0;0;77842
m;89635;0;0;75663
m;89647;0;0;78459
m;89657;0;0;78492
m;89669;0;0;75997
m;89680;0;0;75457
m;89692;0;0;72881
m;89703;0;0;70508
m;89714;0;0;69852
m;89725;0;0;69879
m;89737;0;0;69667
m;89749;0;0;68627
m;89760;0;0;69008
m;89772;0;0;68839
m;89783;0;0;70695
m;89794;0;0;70852
m;89805;0;0;69257
m;89817;0;0;68158
m;89829;0;0;68074
m;89840;0;0;68278
m;89850;0;0;67717
m;89863;0;0;67314
m;89874;0;0;66527
m;89885;0;0;66214
m;89897;0;0;67161
m;89908;0;0;66520
m;89919;0;0;65872
m;89930;0;0;65441
m;89943;0;0;67373
m;89954;0;0;68171
m;89965;0;0;67850
m;89976;0;0;68457
m;89988;0;0;69107
m;89999;0;0;69138
m;90011;0;0;68930
m;90022;0;0;67876
m;90033;0;0;66902
m;90044;0;0;66686
m;90056;0;0;67907
m;90067;0;0;67915
m;90079;0;0;68025
m;90091;0;0;68373
m;90101;0;0;69067
m;90113;0;0;70767
m;90125;0;0;71809
m;90136;0;0;72342
m;90147;0;0;73138
m;90158;0;0;71205
m;90170;0;0;71049
m;90181;0;0;70791
m;90192;0;0;72287
m;90205;0;0;74407
m;90216;0;0;75824
m;90226;0;0;75665
m;90238;0;0;74346
m;90250;0;0;73912
m;90261;0;0;73538
m;90273;0;0;72226
m;90285;0;0;72623
m;90295;0;0;73837
m;90306;0;0;73407
m;90318;0;0;72654
m;90330;0;0;72255
m;90341;0;0;70935
m;90352;0;0;71283
m;90363;0;0;70289
m;90375;0;0;70994
m;90387;0;0;72502
m;90398;0;0;72080
m;90409;0;0;72087
m;90420;0;0;71794
m;90432;0;0;72077
m;90443;0;0;71298
m;90455;0;0;70606
m;90467;0;0;69945
m;90477;0;0;69234
m;90488;0;0;68552
m;90501;0;0;67990
m;90512;0;0;68811
m;90523;0;0;68789
m;90534;0;0;67918
m;90546;0;0;66771
m;90557;0;0;66125
m;90568;0;0;65865
m;90580;0;0;67222
m;90592;0;0;68198
m;90602;0;0;67452
m;90614;0;0;65612
m;90626;0;0;65009
m;90637;0;0;66813
m;90648;0;0;69000
m;90660;0;0;68580
m;90671;0;0;67930
m;90682;0;0;67946
m;90694;0;0;66328
m;90705;0;0;64826
m;90717;0;0;65093
m;90729;0;0;64475
m;90739;0;0;64036
m;90750;0;0;63817
m;90762;0;0;64654
m;90774;0;0;64420
m;90785;0;0;63998
m;90796;0;0;63772
m;90808;0;0;65979
m;90819;0;0;65611
m;90830;0;0;64222
m;90843;0;0;65354
m;90854;0;0;65548
m;90864;0;0;64890
m;90875;0;0;65803
m;90888;0;0;66033
m;90899;0;0;65877
m;90910;0;0;65661
m;90921;0;0;65386
m;90933;0;0;65420
m;90944;0;0;65510
m;90956;0;0;66262
m;90968;0;0;67879
m;90979;0;0;69936
m;90989;0;0;71010
m;91001;0;0;70130
m;91013;0;0;69758
m;91024;0;0;69078
m;91036;0;0;68045
m;91046;0;0;67779
m;91058;0;0;67663
m;91070;0;0;66464
m;91081;0;0;65663
m;91092;0;0;65225
m;91105;0;0;64642
m;91115;0;0;64757
m;91126;0;0;65336
m;91138;0;0;64117
m;91150;0;0;63834
m;91161;0;0;63737
m;91171;0;0;64789
m;91184;0;0;64318
m;91195;0;0;63480
m;91206;0;0;63076
m;91218;0;0;62851
m;91230;0;0;63582
m;91240;0;0;65036
m;91251;0;0;65587
m;91264;0;0;66090
m;91275;0;0;66166
m;91286;0;0;66033
m;91298;0;0;67464
m;91309;0;0;67326
m;91320;0;0;68220
m;91332;0;0;68794
m;91343;0;0;68505
m;91355;0;0;68053
m;91365;0;0;66166
m;91377;0;0;65163
m;91388;0;0;65452
m;91400;0;0;65514
m;91412;0;0;66464
m;91423;0;0;68376
m;91433;0;0;69046
m;91446;0;0;69396
m;91457;0;0;67806
m;91468;0;0;67456
m;91480;0;0;67834
m;91491;0;0;66664
m;91502;0;0;65464
m;91513;0;0;64425
m;91526;0;0;65247
m;91537;0;0;64684
m;91548;0;0;65353
m;91559;0;0;65327
m;91571;0;0;65355
m;91582;0;0;66120
m;91593;0;0;67373
m;91606;0;0;67042
m;91616;0;0;66652
m;91627;0;0;66617
m;91639;0;0;66236
m;91651;0;0;67410
m;91662;0;0;68961
m;91674;0;0;68758
m;91684;0;0;68408
m;91696;0;0;67855
m;91707;0;0;68002
m;91719;0;0;67845
m;91730;0;0;67896
m;91742;0;0;69234
m;91753;0;0;69527
m;91764;0;0;69248
m;91776;0;0;69387
m;91788;0;0;68752
m;91799;0;0;69128
m;91809;0;0;70297
m;91821;0;0;69383
m;91832;0;0;67548
m;91843;0;0;66058
m;91854;0;0;65762
m;91867;0;0;66417
m;91877;0;0;66168
m;91888;0;0;66523
m;91900;0;0;67150
m;91912;0;0;66669
m;91923;0;0;66733
m;91934;0;0;66191
m;91945;0;0;64829
m;91957;0;0;66201
m;91968;0;0;66961
m;91980;0;0;65542
m;91992;0;0;64993
m;92002;0;0;65478
m;92014;0;0;65520
m;92025;0;0;64883
m;92037;0;0;65348
m;92049;0;0;64740
m;92059;0;0;64420
m;92070;0;0;64092
m;92082;0;0;65036
m;92094;0;0;64216
m;92105;0;0;64517
m;92116;0;0;64752
m;92128;0;0;64074
m;92139;0;0;62919
m;92150;0;0;62616
m;92163;0;0;63365
m;92174;0;0;63554
m;92184;0;0;65111
m;92195;0;0;66066
m;92208;0;0;67160
m;92219;0;0;67702
m;92230;0;0;68670
m;92242;0;0;67958
m;92253;0;0;67355
m;92264;0;0;67333
m;92276;0;0;66369
m;92288;0;0;66280
m;92299;0;0;66548
m;92310;0;0;67010
m;92321;0;0;67176
m;92333;0;0;67598
m;92344;0;0;66910
m;92356;0;0;66897
m;92367;0;0;67700
m;92378;0;0;67596
m;92390;0;0;66628
m;92401;0;0;66334
m;92412;0;0;66824
m;92424;0;0;66458
m;92436;0;0;65682
m;92446;0;0;65609
m;92457;0;0;65550
m;92470;0;0;64889
m;92481;0;0;65232
m;92492;0;0;65213
m;92504;0;0;64882
m;92515;0;0;64395
m;92526;0;0;64724
m;92537;0;0;65831
m;92549;0;0;65632
m;92560;0;0;65429
m;92570;0;0;64452
m;92582;0;0;62058
m;92594;0;0;63467
m;92605;0;0;62024
m;92617;0;0;60513
m;92627;0;0;60683
m;92639;0;0;61140
m;92651;0;0;60530
m;92662;0;0;61345
m;92674;0;0;63255
m;92685;0;0;62834
m;92696;0;0;61273
m;92707;0;0;59340
m;92719;0;0;60050
m;92731;0;0;59917
m;92742;0;0;59511
m;92753;0;0;59933
m;92765;0;0;60535
m;92776;0;0;61674
m;92787;0;0;62357
m;92798;0;0;62577
m;92811;0;0;61966
m;92821;0;0;61784
m;92832;0;0;63034
m;92845;0;0;63770
m;92856;0;0;62960
m;92867;0;0;63079
m;92879;0;0;62907
m;92890;0;0;62443
m;92901;0;0;62450
m;92912;0;0;63165
m;92924;0;0;63059
m;92936;0;0;63116
m;92946;0;0;63725
m;92958;0;0;63401
m;92969;0;0;63068
m;92981;0;0;63636
m;92993;0;0;63925
m;93004;0;0;62943
m;93015;0;0;63067
m;93026;0;0;63513
m;93038;0;0;63123
m;93049;0;0;63194
m;93061;0;0;63381
m;93072;0;0;64508
m;93083;0;0;64594
m;93094;0;0;63350
m;93107;0;0;63176
m;93118;0;0;62996
m;93129;0;0;63317
m;93139;0;0;62793
m;93152;0;0;62910
m;93163;0;0;63483
m;93174;0;0;64264
m;93187;0;0;63618
m;93197;0;0;65479
m;93208;0;0;67136
m;93220;0;0;65770
m;93232;0;0;65444
m;93243;0;0;65984
m;93254;0;0;66206
m;93264;0;0;66673
m;93276;0;0;67447
m;93287;0;0;67767
m;93299;0;0;68002
m;93310;0;0;67843
m;93322;0;0;68168
m;93333;0;0;69002
m;93344;0;0;69150
m;93356;0;0;69325
m;93368;0;0;69041
m;93379;0;0;68062
m;93389;0;0;68006
m;93401;0;0;68348
m;93413;0;0;67498
m;93424;0;0;66406
m;93435;0;0;66933
m;93448;0;0;65970
m;93458;0;0;66409
m;93469;0;0;66725
m;93481;0;0;66551
m;93493;0;0;66603
m;93504;0;0;66364
m;93514;0;0;67840
m;93527;0;0;68645
m;93538;0;0;67070
m;93549;0;0;66357
m;93561;0;0;66883
m;93573;0;0;67178
m;93583;0;0;68405
m;93595;0;0;68263
m;93606;0;0;67655
m;93618;0;0;67950
m;93629;0;0;67938
m;93640;0;0;67492
m;93651;0;0;67445
m;93663;0;0;68215
m;93675;0;0;67772
m;93686;0;0;66679
m;93698;0;0;66394
m;93709;0;0;64998
m;93720;0;0;64637
m;93731;0;0;64573
m;93743;0;0;64172
m;93755;0;0;63913
m;93766;0;0;64917
m;93776;0;0;64746
m;93789;0;0;64692
m;93800;0;0;64481
m;93811;0;0;65334
m;93824;0;0;65388
m;93834;0;0;64908
m;93845;0;0;65342
m;93856;0;0;64892
m;93869;0;0;65401
m;93880;0;0;65966
m;93891;0;0;68213
m;93902;0;0;67322
m;93914;0;0;67107
m;93925;0;0;67944
m;93937;0;0;68180
m;93948;0;0;67656
m;93959;0;0;66694
m;93970;0;0;67799
m;93982;0;0;68064
m;93993;0;0;68179
m;94005;0;0;67800
m;94017;0;0;67097
m;94027;0;0;67434
m;94039;0;0;67558
m;94051;0;0;67959
m;94062;0;0;67407
m;94073;0;0;65804
m;94084;0;0;66685
m;94096;0;0;67630
m;94107;0;0;68091
m;94118;0;0;67646
m;94131;0;0;66746
m;94142;0;0;67755
m;94152;0;0;68020
m;94164;0;0;68223
m;94176;0;0;68304
m;94187;0;0;68254
m;94199;0;0;69654
m;94211;0;0;67634
m;94221;0;0;66884
m;94232;0;0;67121
m;94244;0;0;66748
m;94256;0;0;66189
m;94267;0;0;66644
m;94278;0;0;67083
m;94289;0;0;66921
m;94301;0;0;66990
m;94313;0;0;66697
m;94324;0;0;69104
m;94336;0;0;68499
m;94346;0;0;67424
m;94358;0;0;67565
m;94369;0;0;68532
m;94381;0;0;67973
m;94393;0;0;68070
m;94403;0;0;68540
m;94414;0;0;69021
m;94427;0;0;69564
m;94438;0;0;70196
m;94449;0;0;70561
m;94460;0;0;70464
m;94472;0;0;69812
m;94483;0;0;67856
m;94494;0;0;67248
m;94507;0;0;66190
m;94518;0;0;66279
m;94528;0;0;67375
m;94540;0;0;67715
m;94552;0;0;68590
m;94563;0;0;68260
m;94574;0;0;67004
m;94586;0;0;66209
m;94597;0;0;66481
m;94608;0;0;66843
m;94620;0;0;67920
m;94631;0;0;66983
m;94643;0;0;66141
m;94654;0;0;66086
m;94665;0;0;65892
m;94676;0;0;64972
m;94688;0;0;63157
m;94700;0;0;64041
m;94711;0;0;65922
m;94722;0;0;64312
m;94734;0;0;65681
m;94745;0;0;66217
m;94756;0;0;65664
m;94769;0;0;66355
m;94780;0;0;65680
m;94790;0;0;64897
m;94801;0;0;64067
m;94814;0;0;64605
m;94825;0;0;65450
m;94836;0;0;65012
m;94848;0;0;65130
m;94859;0;0;65983
m;94870;0;0;66272
m;94882;0;0;65740
m;94894;0;0;65370
m;94905;0;0;65702
m;94915;0;0;64992
m;94927;0;0;65265
m;94939;0;0;65545
m;94950;0;0;66494
m;94962;0;0;66174
m;94972;0;0;64715
m;94984;0;0;64719
m;94996;0;0;64303
m;95007;0;0;64909
m;95019;0;0;65521
m;95031;0;0;65659
m;95041;0;0;66314
m;95052;0;0;66125
m;95064;0;0;64889
m;95076;0;0;65359
m;95087;0;0;65162
m;95097;0;0;64412
m;95110;0;0;64169
m;95121;0;0;63977
m;95132;0;0;64271
m;95144;0;0;63822
m;95156;0;0;63644
m;95166;0;0;64064
m;95177;0;0;63593
m;95190;0;0;62966
m;95201;0;0;62898
m;95212;0;0;62714
m;95224;0;0;63216
m;95235;0;0;63318
m;95246;0;0;63100
m;95258;0;0;63856
m;95269;0;0;64133
m;95281;0;0;63379
m;95291;0;0;63407
m;95303;0;0;62899
m;95314;0;0;62661
m;95326;0;0;63827
m;95338;0;0;63617
m;95349;0;0;63891
m;95360;0;0;63472
m;95372;0;0;63157
m;95383;0;0;62213
m;95394;0;0;62118
m;95406;0;0;62235
m;95417;0;0;61502
m;95428;0;0;61980
m;95439;0;0;61752
m;95452;0;0;62598
m;95463;0;0;62156
m;95474;0;0;62223
m;95485;0;0;62290
m;95497;0;0;61710
m;95508;0;0;60700
m;95519;0;0;60417
m;95532;0;0;60465
m;95542;0;0;60471
m;95553;0;0;59726
m;95565;0;0;59691
m;95577;0;0;59554
m;95588;0;0;59250
m;95600;0;0;59679
m;95610;0;0;60677
m;95622;0;0;60436
m;95633;0;0;59360
m;95645;0;0;58872
m;95656;0;0;58417
m;95667;0;0;59950
m;95679;0;0;60680
m;95690;0;0;60052
m;95702;0;0;60556
m;95714;0;0;60209
m;95725;0;0;59552
m;95735;0;0;58221
m;95747;0;0;58408
m;95759;0;0;58848
m;95770;0;0;58497
m;95781;0;0;58183
m;95794;0;0;58038
m;95804;0;0;57944
m;95815;0;0;58610
m;95827;0;0;59477
m;95839;0;0;58680
m;95850;0;0;58692
m;95860;0;0;58576
m;95873;0;0;57861
m;95884;0;0;57311
m;95895;0;0;57961
m;95907;0;0;58123
m;95919;0;0;58506
m;95929;0;0;59340
m;95941;0;0;58875
m;95952;0;0;59148
m;95964;0;0;59409
m;95976;0;0;59557
m;95986;0;0;59030
m;95997;0;0;58689
m;96009;0;0;59220
m;96021;0;0;58705
m;96032;0;0;57796
m;96044;0;0;58102
m;96055;0;0;57659
m;96066;0;0;58531
m;96077;0;0;59033
m;96090;0;0;57799
m;96101;0;0;57830
m;96111;0;0;58283
m;96122;0;0;58037
m;96135;0;0;58007
m;96146;0;0;57872
m;96157;0;0;57917
m;96169;0;0;57348
m;96180;0;0;57031
m;96191;0;0;56907
m;96203;0;0;56240
m;96215;0;0;56442
m;96226;0;0;56467
m;96237;0;0;56394
m;96248;0;0;57043
m;96260;0;0;57406
m;96271;0;0;57185
m;96283;0;0;56909
m;96294;0;0;57107
m;96305;0;0;57625
m;96317;0;0;56591
m;96328;0;0;55724
m;96339;0;0;56108
m;96351;0;0;56039
m;96363;0;0;55255
m;96373;0;0;55747
m;96385;0;0;56344
m;96397;0;0;56279
m;96408;0;0;57319
m;96419;0;0;57092
m;96431;0;0;56258
m;96442;0;0;55499
m;96453;0;0;55132
m;96464;0;0;55773
m;96477;0;0;55830
m;96488;0;0;55343
m;96498;0;0;55580
m;96510;0;0;55758
m;96522;0;0;55321
m;96533;0;0;55281
m;96545;0;0;55680
m;96556;0;0;56015
m;96567;0;0;55914
m;96578;0;0;56178
m;96590;0;0;56561
m;96602;0;0;56248
m;96613;0;0;55875
m;96624;0;0;56045
m;96635;0;0;56975
m;96647;0;0;58274
m;96659;0;0;57568
m;96670;0;0;56821
m;96680;0;0;57676
m;96692;0;0;57522
m;96703;0;0;56371
m;96714;0;0;55030
m;96726;0;0;54906
m;96738;0;0;55102
m;96748;0;0;55943
m;96759;0;0;57064
m;96772;0;0;57448
m;96783;0;0;56960
m;96794;0;0;55770
m;96806;0;0;55156
m;96817;0;0;55304
m;96828;0;0;56227
m;96839;0;0;57380
m;96851;0;0;57623
m;96863;0;0;56835
m;96873;0;0;57085
m;96885;0;0;57717
m;96897;0;0;57355
m;96908;0;0;56756
m;96920;0;0;56602
m;96931;0;0;57190
m;96942;0;0;57184
m;96953;0;0;56935
m;96965;0;0;57189
m;96976;0;0;57451
m;96988;0;0;57347
m;96999;0;0;57196
m;97010;0;0;57177
m;97021;0;0;56659
m;97034;0;0;57065
m;97045;0;0;58630
m;97056;0;0;58329
m;97067;0;0;57127
m;97079;0;0;56455
m;97090;0;0;57305
m;97101;0;0;57964
m;97114;0;0;58143
m;97124;0;0;58607
m;97135;0;0;57988
m;97147;0;0;57540
m;97159;0;0;57112
m;97170;0;0;56711
m;97181;0;0;56905
m;97192;0;0;57392
m;97204;0;0;57304
m;97215;0;0;56656
m;97227;0;0;57212
m;97239;0;0;57304
m;97249;0;0;56665
m;97261;0;0;56029
m;97272;0;0;56706
m;97284;0;0;57385
m;97295;0;0;57101
m;97307;0;0;57258
m;97317;0;0;57646
m;97329;0;0;57855
m;97341;0;0;57023
m;97352;0;0;56293
m;97363;0;0;56153
m;97376;0;0;56773
m;97386;0;0;57367
m;97397;0;0;57310
m;97409;0;0;56857
m;97421;0;0;57076
m;97432;0;0;57138
m;97442;0;0;55966
m;97455;0;0;55948
m;97466;0;0;56300
m;97477;0;0;56081
m;97489;0;0;56523
m;97501;0;0;56467
m;97511;0;0;56000
m;97522;0;0;55677
m;97533;0;0;55316
m;97545;0;0;55221
m;97556;0;0;55411
m;97567;0;0;55454
m;97579;0;0;56054
m;97590;0;0;56851
m;97602;0;0;56785
m;97613;0;0;56535
m;97625;0;0;56146
m;97636;0;0;56305
m;97647;0;0;56989
m;97658;0;0;57206
m;97670;0;0;57606
m;97682;0;0;57917
m;97692;0;0;58457
m;97703;0;0;58855
m;97716;0;0;57791
m;97727;0;0;56628
m;97738;0;0;56392
m;97751;0;0;56125
m;97761;0;0;55319
m;97772;0;0;55186
m;97783;0;0;54749
m;97796;0;0;54107
m;97807;0;0;54205
m;97817;0;0;54376
m;97829;0;0;54568
m;97841;0;0;54508
m;97852;0;0;55381
m;97864;0;0;55683
m;97875;0;0;56000
m;97886;0;0;56654
m;97897;0;0;56729
m;97909;0;0;56117
m;97921;0;0;55721
m;97932;0;0;56038
m;97944;0;0;56173
m;97954;0;0;56065
m;97966;0;0;56386
m;97978;0;0;56318
m;97989;0;0;56244
m;98000;0;0;55953
m;98011;0;0;56253
m;98023;0;0;56478
m;98034;0;0;56665
m;98045;0;0;57026
m;98058;0;0;57055
m;98069;0;0;57191
m;98079;0;0;57160
m;98092;0;0;56694
m;98103;0;0;56542
m;98114;0;0;56397
m;98125;0;0;55737
m;98137;0;0;55634
m;98148;0;0;55567
m;98159;0;0;55679
m;98171;0;0;55527
m;98183;0;0;55162
m;98194;0;0;54802
m;98205;0;0;54433
m;98216;0;0;53897
m;98228;0;0;54398
m;98239;0;0;55299
m;98250;0;0;56110
m;98260;0;0;55756
m;98272;0;0;54714
m;98284;0;0;54786
m;98295;0;0;55106
m;98307;0;0;54904
m;98319;0;0;54812
m;98329;0;0;54810
m;98340;0;0;54555
m;98352;0;0;53898
m;98363;0;0;54506
m;98374;0;0;54696
m;98385;0;0;54565
m;98397;0;0;54282
m;98408;0;0;54797
m;98419;0;0;55840
m;98432;0;0;55775
m;98443;0;0;54918
m;98453;0;0;54475
m;98465;0;0;54262
m;98477;0;0;54193
m;98488;0;0;54465
m;98499;0;0;55023
m;98511;0;0;55521
m;98522;0;0;55527
m;98533;0;0;55070
m;98545;0;0;54639
m;98556;0;0;54335
m;98568;0;0;54853
m;98579;0;0;54934
m;98590;0;0;54887
m;98601;0;0;54875
m;98613;0;0;54652
m;98625;0;0;54401
m;98636;0;0;54752
m;98647;0;0;55438
m;98659;0;0;55713
m;98670;0;0;55858
m;98681;0;0;55915
m;98694;0;0;56057
m;98704;0;0;56535
m;98715;0;0;56841
m;98726;0;0;56949
m;98739;0;0;56904
m;98750;0;0;56959
m;98761;0;0;56933
m;98772;0;0;56999
m;98784;0;0;57180
m;98795;0;0;57174
m;98807;0;0;57289
m;98819;0;0;57278
m;98830;0;0;57520
m;98840;0;0;57885
m;98852;0;0;58204
m;98864;0;0;58307
m;98875;0;0;58211
m;98887;0;0;58243
m;98897;0;0;58124
m;98909;0;0;58070
m;98921;0;0;58110
m;98932;0;0;58093
m;98944;0;0;58070
m;98955;0;0;57878
m;98966;0;0;57892
m;98977;0;0;57794
m;98989;0;0;57818
m;99001;0;0;57794
m;99012;0;0;57718
m;99022;0;0;57697
m;99035;0;0;57671
m;99046;0;0;57756
m;99057;0;0;57851
m;99068;0;0;58103
m;99080;0;0;58523
m;99090;0;0;58494
m;99101;0;0;58467
m;99113;0;0;58332
m;99125;0;0;58334
m;99136;0;0;58239
m;99147;0;0;58252
m;99159;0;0;58284
m;99170;0;0;58277
m;99182;0;0;58292
m;99193;0;0;58217
m;99205;0;0;58263
m;99215;0;0;58196
m;99227;0;0;58201
m;99238;0;0;58164
m;99250;0;0;58133
m;99262;0;0;58193
m;99272;0;0;58088
m;99283;0;0;58029
m;99296;0;0;57892
m;99307;0;0;58004
m;99318;0;0;58022
m;99330;0;0;58025
m;99341;0;0;58149
m;99352;0;0;58119
m;99363;0;0;58147
m;99376;0;0;58124
m;99387;0;0;58179
m;99398;0;0;58118
m;99409;0;0;58057
m;99421;0;0;58143
m;99432;0;0;58117
m;99443;0;0;58121
m;99456;0;0;58077
m;99466;0;0;58122
m;99477;0;0;58035
m;99489;0;0;58065
m;99501;0;0;58226
m;99512;0;0;58469
m;99524;0;0;58702
m;99534;0;0;58721
m;99546;0;0;58768
m;99557;0;0;58769
m;99569;0;0;58718
m;99580;0;0;58718
m;99591;0;0;58756
m;99603;0;0;58871
m;99614;0;0;58868
m;99625;0;0;58904
m;99638;0;0;58805
m;99649;0;0;58873
m;99659;0;0;58871
m;99671;0;0;58921
m;99683;0;0;59048
m;99694;0;0;58962
m;99705;0;0;58978
m;99717;0;0;58893
m;99728;0;0;58879
m;99739;0;0;58987
m;99751;0;0;59092
m;99763;0;0;59213
m;99774;0;0;59211
m;99784;0;0;59297
m;99796;0;0;59273
m;99808;0;0;59247
m;99819;0;0;59246
m;99831;0;0;59178
m;99842;0;0;59225
m;99853;0;0;59140
m;99865;0;0;59163
m;99876;0;0;59110
m;99888;0;0;59109
m;99900;0;0;59190
m;99910;0;0;59180
m;99921;0;0;59171
m;99933;0;0;59085
m;99945;0;0;59130
m;99956;0;0;59183
m;99968;0;0;59180
m;99979;0;0;59147
m;99990;0;0;59163
m;100001;0;0;59198
m;100014;0;0;59135
m;100025;0;0;59178
m;100035;0;0;59117
m;100046;0;0;59080
m;100058;0;0;59093
m;100069;0;0;59108
m;100080;0;0;59157
m;100091;0;0;59141
m;100103;0;0;59199
m;100114;0;0;59216
m;100126;0;0;59128
m;100137;0;0;59209
m;100148;0;0;59194
m;100160;0;0;59180
m;100171;0;0;59220
m;100183;0;0;59288
m;100195;0;0;59166
m;100205;0;0;59162
m;100216;0;0;59154
m;100229;0;0;59116
m;100240;0;0;59130
m;100251;0;0;59168
m;100262;0;0;59282
m;100273;0;0;59158
m;100284;0;0;59201
m;100295;0;0;59171
m;100307;0;0;59144
m;100319;0;0;59207
m;100329;0;0;59178
m;100341;0;0;59199
m;100353;0;0;59198
m;100364;0;0;59370
m;100376;0;0;59408
m;100386;0;0;59419
m;100398;0;0;59418
m;100410;0;0;59312
m;100421;0;0;59427
m;100432;0;0;59396
m;100444;0;0;59435
m;100455;0;0;59323
m;100466;0;0;59265
m;100477;0;0;59330
m;100489;0;0;59271
m;100499;0;0;59420
m;100510;0;0;59375
m;100523;0;0;59325
m;100534;0;0;59346
m;100545;0;0;59321
m;100556;0;0;59307
m;100568;0;0;59341
m;100579;0;0;59435
m;100591;0;0;59360
m;100602;0;0;59360
m;100613;0;0;59344
m;100625;0;0;59396
m;100636;0;0;59383
m;100647;0;0;59357
m;100660;0;0;59426
m;100670;0;0;59381
m;100681;0;0;59414
m;100692;0;0;59411
m;100704;0;0;59443
m;100715;0;0;59472
m;100726;0;0;59383
m;100737;0;0;59462
m;100748;0;0;59392
m;100759;0;0;59384
m;100771;0;0;59419
m;100783;0;0;59413
m;100793;0;0;59420
m;100805;0;0;59462
m;100816;0;0;59446
m;100828;0;0;59360
m;100840;0;0;59483
m;100850;0;0;59483
m;100861;0;0;59493
m;100874;0;0;59457
m;100885;0;0;59430
m;100896;0;0;59456
m;100907;0;0;59414
m;100918;0;0;59495
m;100929;0;0;59444
m;100940;0;0;59467
m;100952;0;0;59439
m;100962;0;0;59456
m;100973;0;0;59600
m;100985;0;0;59544
m;100997;0;0;59534
m;101008;0;0;59406
m;101019;0;0;59454
m;101030;0;0;59491
m;101042;0;0;59462
m;101054;0;0;59491
m;101065;0;0;59479
m;101075;0;0;59539
m;101088;0;0;59496
m;101099;0;0;59486
m;101110;0;0;59409
m;101123;0;0;59386
m;101134;0;0;59462
m;101144;0;0;59429
m;101155;0;0;59549
m;101167;0;0;59427
m;101178;0;0;59378
m;101189;0;0;59295
m;101200;0;0;59321
m;101212;0;0;59367
m;101223;0;0;59347
m;101235;0;0;59353
m;101246;0;0;59231
m;101257;0;0;59216
m;101269;0;0;59001
m;101280;0;0;58886
m;101292;0;0;59017
m;101304;0;0;59047
m;101314;0;0;59136
m;101325;0;0;59202
m;101338;0;0;59451
m;101349;0;0;59697
m;101360;0;0;59949
m;101370;0;0;60102
m;101382;0;0;60188
m;101393;0;0;60466
m;101404;0;0;60744
m;101416;0;0;61279
m;101427;0;0;61796
m;101438;0;0;62231
m;101450;0;0;62529
m;101462;0;0;62788
m;101473;0;0;63066
m;101484;0;0;63216
m;101495;0;0;63484
m;101507;0;0;63186
m;101519;0;0;62040
m;101530;0;0;61355
m;101541;0;0;60649
m;101553;0;0;60000
m;101564;0;0;58182
m;101575;0;0;57489
m;101586;0;0;58986
m;101598;0;0;59728
m;101608;0;0;59743
m;101619;0;0;59361
m;101632;0;0;59611
m;101643;0;0;60103
m;101654;0;0;60889
m;101665;0;0;61659
m;101677;0;0;61605
m;101688;0;0;61586
m;101700;0;0;61309
m;101711;0;0;60442
m;101722;0;0;59700
m;101734;0;0;60096
m;101745;0;0;60256
m;101756;0;0;60356
m;101769;0;0;60124
m;101779;0;0;61109
m;101790;0;0;61765
m;101801;0;0;61003
m;101813;0;0;61059
m;101824;0;0;61066
m;101834;0;0;60768
m;101847;0;0;62623
m;101858;0;0;62778
m;101869;0;0;62665
m;101881;0;0;62133
m;101892;0;0;61978
m;101903;0;0;63216
m;101915;0;0;64409
m;101926;0;0;64171
m;101938;0;0;63869
m;101949;0;0;63641
m;101960;0;0;64634
m;101971;0;0;65028
m;101984;0;0;64579
m;101995;0;0;64834
m;102006;0;0;66212
m;102017;0;0;65131
m;102028;0;0;64161
m;102039;0;0;64420
m;102050;0;0;64890
m;102062;0;0;65345
m;102072;0;0;65694
m;102083;0;0;65502
m;102095;0;0;64712
m;102107;0;0;64531
m;102118;0;0;64876
m;102129;0;0;65417
m;102140;0;0;65252
m;102152;0;0;65517
m;102164;0;0;66518
m;102175;0;0;66237
m;102185;0;0;65571
m;102198;0;0;65261
m;102209;0;0;65318
m;102220;0;0;65123
m;102233;0;0;64258
m;102243;0;0;63546
m;102254;0;0;63864
m;102265;0;0;63503
m;102277;0;0;62332
m;102288;0;0;62912
m;102298;0;0;63252
m;102310;0;0;63553
m;102322;0;0;63172
m;102333;0;0;63552
m;102345;0;0;63302
m;102355;0;0;62072
m;102367;0;0;62768
m;102379;0;0;62420
m;102390;0;0;62167
m;102402;0;0;62809
m;102414;0;0;62384
m;102424;0;0;61856
m;102435;0;0;61431
m;102448;0;0;61058
m;102459;0;0;61384
m;102470;0;0;61359
m;102480;0;0;61386
m;102492;0;0;60445
m;102503;0;0;60077
m;102514;0;0;60082
m;102526;0;0;60670
m;102537;0;0;61621
m;102548;0;0;61889
m;102560;0;0;62164
m;102572;0;0;63801
m;102583;0;0;64312
m;102594;0;0;63781
m;102605;0;0;64212
m;102617;0;0;64346
m;102629;0;0;63582
m;102640;0;0;63686
m;102650;0;0;64495
m;102663;0;0;64265
m;102674;0;0;63465
m;102685;0;0;62539
m;102696;0;0;63251
m;102707;0;0;63361
m;102718;0;0;63247
m;102729;0;0;63163
m;102742;0;0;62662
m;102753;0;0;62404
m;102763;0;0;63463
m;102775;0;0;63597
m;102787;0;0;63936
m;102798;0;0;63734
m;102810;0;0;63345
m;102821;0;0;63034
m;102832;0;0;63717
m;102844;0;0;64838
m;102855;0;0;64365
m;102866;0;0;63202
m;102879;0;0;62722
m;102889;0;0;63323
m;102900;0;0;64127
m;102912;0;0;63846
m;102923;0;0;62581
m;102934;0;0;61578
m;102944;0;0;61378
m;102957;0;0;61074
m;102968;0;0;60814
m;102979;0;0;60944
m;102991;0;0;60843
m;103002;0;0;61155
m;103013;0;0;61107
m;103025;0;0;60867
m;103036;0;0;60564
m;103048;0;0;60131
m;103059;0;0;59733
m;103070;0;0;59942
m;103081;0;0;60117
m;103094;0;0;60841
m;103105;0;0;61478
m;103115;0;0;60962
m;103127;0;0;60618
m;103138;0;0;59892
m;103149;0;0;60265
m;103160;0;0;60301
m;103172;0;0;61030
m;103183;0;0;61422
m;103194;0;0;61407
m;103206;0;0;60479
m;103218;0;0;60074
m;103229;0;0;61702
m;103240;0;0;61340
m;103251;0;0;60846
m;103263;0;0;60827
m;103275;0;0;60918
m;103286;0;0;60534
m;103297;0;0;61153
m;103309;0;0;62181
m;103320;0;0;62580
m;103331;0;0;63199
m;103343;0;0;63642
m;103353;0;0;62738
m;103364;0;0;62669
m;103375;0;0;62572
m;103388;0;0;62597
m;103399;0;0;62766
m;103409;0;0;62363
m;103421;0;0;62447
m;103433;0;0;62599
m;103444;0;0;61907
m;103456;0;0;60595
m;103467;0;0;63089
m;103478;0;0;64276
m;103490;0;0;63425
m;103501;0;0;65376
m;103513;0;0;64884
m;103524;0;0;63796
m;103535;0;0;63072
m;103546;0;0;62904
m;103558;0;0;62728
m;103569;0;0;63155
m;103579;0;0;63889
m;103590;0;0;63743
m;103603;0;0;64118
m;103614;0;0;63945
m;103625;0;0;64521
m;103638;0;0;64340
m;103648;0;0;63956
m;103659;0;0;63207
m;103671;0;0;62491
m;103683;0;0;62825
m;103694;0;0;63155
m;103705;0;0;62833
m;103716;0;0;63090
m;103728;0;0;63432
m;103740;0;0;63895
m;103751;0;0;63568
m;103761;0;0;62720
m;103773;0;0;62406
m;103784;0;0;63074
m;103795;0;0;63618
m;103806;0;0;63245
m;103817;0;0;63973
m;103828;0;0;64835
m;103839;0;0;65194
m;103852;0;0;65134
m;103863;0;0;65946
m;103873;0;0;66199
m;103885;0;0;66412
m;103897;0;0;66209
m;103908;0;0;65989
m;103920;0;0;65892
m;103930;0;0;66062
m;103942;0;0;65997
m;103954;0;0;65898
m;103965;0;0;65375
m;103976;0;0;65227
m;103987;0;0;64887
m;103998;0;0;65015
m;104009;0;0;65611
m;104020;0;0;65515
m;104033;0;0;65278
m;104043;0;0;64322
m;104054;0;0;63275
m;104067;0;0;63306
m;104078;0;0;63537
m;104089;0;0;62847
m;104101;0;0;63666
m;104112;0;0;63626
m;104123;0;0;63590
m;104135;0;0;64352
m;104146;0;0;64904
m;104158;0;0;64725
m;104169;0;0;65392
m;104180;0;0;65005
m;104192;0;0;64281
m;104203;0;0;63860
m;104214;0;0;64224
m;104224;0;0;64041
m;104236;0;0;64426
m;104248;0;0;64419
m;104259;0;0;65293
m;104270;0;0;64950
m;104282;0;0;65005
m;104293;0;0;65039
m;104304;0;0;65305
m;104316;0;0;65425
m;104328;0;0;64715
m;104338;0;0;63799
m;104350;0;0;64251
m;104361;0;0;64433
m;104373;0;0;64905
m;104385;0;0;65169
m;104395;0;0;64321
m;104407;0;0;64059
m;104418;0;0;64631
m;104429;0;0;63814
m;104440;0;0;63522
m;104452;0;0;63237
m;104462;0;0;62976
m;104473;0;0;63220
m;104484;0;0;62110
m;104497;0;0;60528
m;104508;0;0;61068
m;104518;0;0;62471
m;104530;0;0;61741
m;104542;0;0;61436
m;104553;0;0;62126
m;104565;0;0;63699
m;104576;0;0;64433
m;104587;0;0;65594
m;104599;0;0;66786
m;104610;0;0;65600
m;104622;0;0;64094
m;104632;0;0;63845
m;104643;0;0;63323
m;104654;0;0;63767
m;104666;0;0;64209
m;104678;0;0;64456
m;104688;0;0;64608
m;104699;0;0;64106
m;104712;0;0;64547
m;104723;0;0;65213
m;104734;0;0;65421
m;104745;0;0;65496
m;104757;0;0;65664
m;104768;0;0;65610
m;104780;0;0;65958
m;104792;0;0;66079
m;104802;0;0;65353
m;104814;0;0;65265
m;104825;0;0;65253
m;104837;0;0;65987
m;104848;0;0;65682
m;104859;0;0;65368
m;104869;0;0;65360
m;104881;0;0;64513
m;104893;0;0;65107
m;104904;0;0;65924
m;104915;0;0;65906
m;104927;0;0;64977
m;104938;0;0;65440
m;104949;0;0;65605
m;104962;0;0;65460
m;104973;0;0;66282
m;104983;0;0;66698
m;104995;0;0;66539
m;105007;0;0;66418
m;105018;0;0;66475
m;105030;0;0;66561
m;105040;0;0;66202
m;105052;0;0;65838
m;105063;0;0;65075
m;105074;0;0;64782
m;105085;0;0;65125
m;105096;0;0;65512
m;105108;0;0;65677
m;105119;0;0;65710
m;105131;0;0;65000
m;105143;0;0;63868
m;105153;0;0;63484
m;105164;0;0;64145
m;105177;0;0;64796
m;105188;0;0;64662
m;105199;0;0;64842
m;105210;0;0;65188
m;105222;0;0;65073
m;105233;0;0;64507
m;105245;0;0;63567
m;105256;0;0;62676
m;105268;0;0;62139
m;105278;0;0;62629
m;105289;0;0;62541
m;105300;0;0;62390
m;105312;0;0;62408
m;105323;0;0;62258
m;105333;0;0;61754
m;105345;0;0;61245
m;105357;0;0;62148
m;105368;0;0;63171
m;105379;0;0;62729
m;105391;0;0;61913
m;105402;0;0;61751
m;105413;0;0;60739
m;105425;0;0;59565
m;105437;0;0;59227
m;105447;0;0;59432
m;105459;0;0;59031
m;105470;0;0;59323
m;105482;0;0;59196
m;105494;0;0;59204
m;105504;0;0;59669
m;105516;0;0;58748
m;105527;0;0;58526
m;105539;0;0;59164
m;105550;0;0;58995
m;105561;0;0;58780
m;105573;0;0;58935
m;105584;0;0;58772
m;105595;0;0;57993
m;105608;0;0;58216
m;105618;0;0;59071
m;105629;0;0;59292
m;105641;0;0;59590
m;105653;0;0;59438
m;105664;0;0;58559
m;105676;0;0;57796
m;105687;0;0;58097
m;105698;0;0;58119
m;105709;0;0;58821
m;105720;0;0;58991
m;105732;0;0;59373
m;105742;0;0;60154
m;105754;0;0;59101
m;105765;0;0;58552
m;105777;0;0;59535
m;105789;0;0;59079
m;105799;0;0;59110
m;105810;0;0;59538
m;105823;0;0;59555
m;105834;0;0;58491
m;105845;0;0;57874
m;105857;0;0;59071
m;105868;0;0;59352
m;105879;0;0;58494
m;105891;0;0;58027
m;105903;0;0;58376
m;105913;0;0;57889
m;105924;0;0;57222
m;105935;0;0;56527
m;105947;0;0;57428
m;105958;0;0;57713
m;105968;0;0;56600
m;105979;0;0;56212
m;105991;0;0;57168
m;106003;0;0;56795
m;106014;0;0;56231
m;106024;0;0;57080
m;106037;0;0;57195
m;106048;0;0;56994
m;106059;0;0;57179
m;106072;0;0;57164
m;106083;0;0;57824
m;106093;0;0;57474
m;106105;0;0;57381
m;106117;0;0;57619
m;106128;0;0;58121
m;106140;0;0;58098
m;106150;0;0;58661
m;106162;0;0;58852
m;106173;0;0;57805
m;106184;0;0;57126
m;106195;0;0;56430
m;106206;0;0;55838
m;106218;0;0;55241
m;106229;0;0;56198
m;106241;0;0;56905
m;106253;0;0;56205
m;106263;0;0;55915
m;106274;0;0;55755
m;106287;0;0;56202
m;106298;0;0;56054
m;106309;0;0;56069
m;106320;0;0;56238
m;106332;0;0;56910
m;106343;0;0;57563
m;106355;0;0;56957
m;106366;0;0;56398
m;106377;0;0;56709
m;106388;0;0;55940
m;106399;0;0;55720
m;106411;0;0;55763
m;106422;0;0;56247
m;106434;0;0;56818
m;106444;0;0;56960
m;106456;0;0;57375
m;106468;0;0;56700
m;106479;0;0;55055
m;106490;0;0;54893
m;106502;0;0;55600
m;106513;0;0;55644
m;106524;0;0;56069
m;106536;0;0;55752
m;106548;0;0;54831
m;106558;0;0;54582
m;106570;0;0;55096
m;106582;0;0;55718
m;106593;0;0;55624
m;106604;0;0;55676
m;106614;0;0;55924
m;106626;0;0;56041
m;106637;0;0;55947
m;106649;0;0;56018
m;106660;0;0;57045
m;106671;0;0;57602
m;106683;0;0;56932
m;106694;0;0;56437
m;106705;0;0;55974
m;106718;0;0;54885
m;106728;0;0;54849
m;106739;0;0;55759
m;106752;0;0;56232
m;106763;0;0;56054
m;106774;0;0;55696
m;106785;0;0;55876
m;106797;0;0;55898
m;106808;0;0;56432
m;106819;0;0;56868
m;106830;0;0;56397
m;106842;0;0;55629
m;106852;0;0;55346
m;106864;0;0;56250
m;106875;0;0;56567
m;106887;0;0;56327
m;106899;0;0;55991
m;106909;0;0;55097
m;106920;0;0;54301
m;106933;0;0;54673
m;106944;0;0;56132
m;106955;0;0;56283
m;106967;0;0;55690
m;106978;0;0;55353
m;106989;0;0;55378
m;107001;0;0;55564
m;107013;0;0;55377
m;107023;0;0;56073
m;107034;0;0;56998
m;107045;0;0;57529
m;107057;0;0;57092
m;107068;0;0;55626
m;107079;0;0;55476
m;107090;0;0;55665
m;107102;0;0;55512
m;107114;0;0;55334
m;107125;0;0;55566
m;107136;0;0;56436
m;107148;0;0;56119
m;107159;0;0;55286
m;107170;0;0;54873
m;107183;0;0;55212
m;107193;0;0;55493
m;107204;0;0;55575
m;107216;0;0;55901
m;107228;0;0;55697
m;107239;0;0;55693
m;107249;0;0;55544
m;107260;0;0;55721
m;107272;0;0;55525
m;107283;0;0;55862
m;107295;0;0;56061
m;107307;0;0;55576
m;107317;0;0;55036
m;107329;0;0;54960
m;107340;0;0;54639
m;107352;0;0;54123
m;107364;0;0;53379
m;107374;0;0;52744
m;107385;0;0;53413
m;107398;0;0;54826
m;107409;0;0;55505
m;107420;0;0;55739
m;107431;0;0;55627
m;107443;0;0;55720
m;107454;0;0;55091
m;107465;0;0;54659
m;107476;0;0;54720
m;107487;0;0;55330
m;107498;0;0;56123
m;107510;0;0;56051
m;107522;0;0;55612
m;107533;0;0;55214
m;107544;0;0;54340
m;107555;0;0;53787
m;107567;0;0;54127
m;107579;0;0;54610
m;107590;0;0;53893
m;107600;0;0;53640
m;107613;0;0;54329
m;107624;0;0;55024
m;107635;0;0;55613
m;107648;0;0;56041
m;107658;0;0;56190
m;107669;0;0;55976
m;107680;0;0;55809
m;107692;0;0;55662
m;107703;0;0;55218
m;107714;0;0;54491
m;107724;0;0;53900
m;107736;0;0;54208
m;107747;0;0;53943
m;107759;0;0;54167
m;107770;0;0;54564
m;107781;0;0;55034
m;107793;0;0;55175
m;107804;0;0;55045
m;107815;0;0;55079
m;107828;0;0;55006
m;107838;0;0;55708
m;107849;0;0;55912
m;107862;0;0;54775
m;107873;0;0;53754
m;107884;0;0;53476
m;107894;0;0;53923
m;107906;0;0;54550
m;107917;0;0;55383
m;107928;0;0;55495
m;107939;0;0;54507
m;107950;0;0;54206
m;107961;0;0;55216
m;107973;0;0;56391
m;107984;0;0;56700
m;107996;0;0;56749
m;108007;0;0;56237
m;108018;0;0;55635
m;108029;0;0;54800
m;108042;0;0;53305
m;108053;0;0;53133
m;108063;0;0;53539
m;108076;0;0;54521
m;108087;0;0;55119
m;108098;0;0;55506
m;108110;0;0;56051
m;108122;0;0;56260
m;108132;0;0;56355
m;108143;0;0;56219
m;108154;0;0;55811
m;108166;0;0;54978
m;108177;0;0;54956
m;108188;0;0;55393
m;108199;0;0;56129
m;108211;0;0;56599
m;108223;0;0;56541
m;108234;0;0;57666
m;108244;0;0;58770
m;108257;0;0;59790
m;108268;0;0;60375
m;108279;0;0;62151
m;108292;0;0;63447
m;108302;0;0;63786
m;108313;0;0;64654
m;108325;0;0;66841
m;108337;0;0;68172
m;108348;0;0;68756
m;108358;0;0;69362
m;108369;0;0;70226
m;108381;0;0;70250
m;108392;0;0;70626
m;108404;0;0;71018
m;108414;0;0;72833
m;108426;0;0;74232
m;108438;0;0;72049
m;108449;0;0;71859
m;108461;0;0;72195
m;108472;0;0;70671
m;108483;0;0;71338
m;108494;0;0;71089
m;108507;0;0;72383
m;108518;0;0;73183
m;108529;0;0;73921
m;108540;0;0;72661
m;108552;0;0;72206
m;108563;0;0;71841
m;108574;0;0;71437
m;108585;0;0;69881
m;108596;0;0;68552
m;108607;0;0;67911
m;108619;0;0;67269
m;108631;0;0;67147
m;108642;0;0;67238
m;108653;0;0;66597
m;108664;0;0;66757
m;108676;0;0;66422
m;108688;0;0;66121
m;108699;0;0;66388
m;108709;0;0;66937
m;108722;0;0;65547
m;108733;0;0;65799
m;108744;0;0;67057
m;108756;0;0;66273
m;108767;0;0;65220
m;108778;0;0;65171
m;108789;0;0;65214
m;108801;0;0;65793
m;108812;0;0;65568
m;108822;0;0;65054
m;108834;0;0;65527
m;108846;0;0;65360
m;108857;0;0;64656
m;108869;0;0;64403
m;108879;0;0;65101
m;108891;0;0;65387
m;108903;0;0;64498
m;108914;0;0;63660
m;108925;0;0;63618
m;108938;0;0;63641
m;108948;0;0;63318
m;108959;0;0;63373
m;108972;0;0;63233
m;108983;0;0;63649
m;108994;0;0;64045
m;109004;0;0;64542
m;109016;0;0;64752
m;109027;0;0;64205
m;109038;0;0;64334
m;109050;0;0;63937
m;109061;0;0;63934
m;109072;0;0;64115
m;109084;0;0;64239
m;109095;0;0;63541
m;109107;0;0;63503
m;109118;0;0;63493
m;109129;0;0;63067
m;109140;0;0;63130
m;109153;0;0;63373
m;109164;0;0;62844
m;109174;0;0;62149
m;109187;0;0;62163
m;109198;0;0;62285
m;109209;0;0;62081
m;109220;0;0;60925
m;109231;0;0;60905
m;109242;0;0;61057
m;109253;0;0;61012
m;109265;0;0;61636
m;109277;0;0;60861
m;109287;0;0;60573
m;109299;0;0;61408
m;109310;0;0;61206
m;109322;0;0;60831
m;109334;0;0;60039
m;109345;0;0;60107
m;109356;0;0;60031
m;109368;0;0;60163
m;109379;0;0;61132
m;109390;0;0;60718
m;109403;0;0;59884
m;109413;0;0;60609
m;109424;0;0;60853
m;109435;0;0;60518
m;109447;0;0;59801
m;109458;0;0;59409
m;109468;0;0;59818
m;109480;0;0;60155
m;109492;0;0;60059
m;109503;0;0;58948
m;109515;0;0;58428
m;109526;0;0;58652
m;109537;0;0;59266
m;109549;0;0;59728
m;109560;0;0;59091
m;109572;0;0;59099
m;109583;0;0;60188
m;109594;0;0;60238
m;109605;0;0;59555
m;109618;0;0;59733
m;109629;0;0;59327
m;109639;0;0;58845
m;109650;0;0;59332
m;109662;0;0;58638
m;109673;0;0;58196
m;109684;0;0;58559
m;109694;0;0;58373
m;109706;0;0;58236
m;109717;0;0;58402
m;109729;0;0;59167
m;109741;0;0;58506
m;109752;0;0;58299
m;109763;0;0;58502
m;109774;0;0;58179
m;109786;0;0;57805
m;109798;0;0;57873
m;109809;0;0;57378
m;109819;0;0;56735
m;109832;0;0;57072
m;109843;0;0;57378
m;109854;0;0;57743
m;109867;0;0;56846
m;109877;0;0;56238
m;109888;0;0;57009
m;109899;0;0;57404
m;109911;0;0;57399
m;109922;0;0;57549
m;109932;0;0;56857
m;109944;0;0;56168
m;109956;0;0;56564
m;109967;0;0;57556
m;109979;0;0;57459
m;109989;0;0;56720
m;110001;0;0;57004
m;110013;0;0;56813
m;110024;0;0;56195
m;110035;0;0;56009
m;110047;0;0;56068
m;110058;0;0;56308
m;110069;0;0;55667
m;110082;0;0;55502
m;110093;0;0;56945
m;110103;0;0;57391
m;110114;0;0;57667
m;110126;0;0;58274
m;110137;0;0;58361
m;110148;0;0;57020
m;110160;0;0;56389
m;110171;0;0;56234
m;110182;0;0;56239
m;110194;0;0;56130
m;110205;0;0;55489
m;110217;0;0;55867
m;110228;0;0;56314
m;110239;0;0;56280
m;110251;0;0;56191
m;110263;0;0;55873
m;110274;0;0;55670
m;110284;0;0;56010
m;110297;0;0;55938
m;110308;0;0;56424
m;110319;0;0;57431
m;110330;0;0;56434
m;110341;0;0;55108
m;110352;0;0;54908
m;110363;0;0;54878
m;110375;0;0;54948
m;110387;0;0;55061
m;110397;0;0;55198
m;110409;0;0;55006
m;110420;0;0;54750
m;110432;0;0;55623
m;110444;0;0;56115
m;110454;0;0;55717
m;110466;0;0;55081
m;110478;0;0;55353
m;110489;0;0;55868
m;110500;0;0;55886
m;110512;0;0;55469
m;110523;0;0;55671
m;110534;0;0;55832
m;110545;0;0;55340
m;110557;0;0;55223
m;110567;0;0;55081
m;110578;0;0;55697
m;110590;0;0;56514
m;110602;0;0;56913
m;110613;0;0;56881
m;110625;0;0;55691
m;110636;0;0;55453
m;110647;0;0;55597
m;110659;0;0;55817
m;110670;0;0;56296
m;110682;0;0;56028
m;110693;0;0;55751
m;110704;0;0;54692
m;110715;0;0;54352
m;110728;0;0;55159
m;110739;0;0;54933
m;110749;0;0;54287
m;110760;0;0;53882
m;110772;0;0;53751
m;110783;0;0;53654
m;110794;0;0;53047
m;110806;0;0;53185
m;110817;0;0;53671
m;110828;0;0;54213
m;110840;0;0;54409
m;110852;0;0;54097
m;110862;0;0;53934
m;110874;0;0;53396
m;110885;0;0;52600
m;110897;0;0;52671
m;110909;0;0;53214
m;110919;0;0;52855
m;110930;0;0;52863
m;110943;0;0;53174
m;110954;0;0;53329
m;110965;0;0;53421
m;110976;0;0;53658
m;110987;0;0;53557
m;110998;0;0;53578
m;111009;0;0;53959
m;111022;0;0;54120
m;111033;0;0;54553
m;111043;0;0;54553
m;111055;0;0;54293
m;111067;0;0;53948
m;111078;0;0;54056
m;111090;0;0;54325
m;111100;0;0;53067
m;111112;0;0;52387
m;111124;0;0;52427
m;111135;0;0;53098
m;111147;0;0;53040
m;111158;0;0;53111
m;111169;0;0;53354
m;111180;0;0;53121
m;111193;0;0;53075
m;111204;0;0;53027
m;111214;0;0;53348
m;111225;0;0;52995
m;111238;0;0;53073
m;111249;0;0;52906
m;111260;0;0;53008
m;111271;0;0;53279
m;111283;0;0;53263
m;111294;0;0;53326
m;111306;0;0;53238
m;111318;0;0;53670
m;111328;0;0;54013
m;111340;0;0;54124
m;111351;0;0;53746
m;111363;0;0;53620
m;111375;0;0;53388
m;111385;0;0;53241
m;111396;0;0;53358
m;111409;0;0;53110
m;111420;0;0;53366
m;111431;0;0;53686
m;111441;0;0;53655
m;111454;0;0;54026
m;111465;0;0;54167
m;111476;0;0;53931
m;111489;0;0;53395
m;111500;0;0;53185
m;111510;0;0;53345
m;111522;0;0;53550
m;111534;0;0;53987
m;111545;0;0;54190
m;111557;0;0;54381
m;111567;0;0;54389
m;111579;0;0;54399
m;111591;0;0;54428
m;111602;0;0;54441
m;111613;0;0;54431
m;111625;0;0;54422
m;111636;0;0;54514
m;111647;0;0;54510
m;111659;0;0;54542
m;111670;0;0;54550
m;111680;0;0;54549
m;111691;0;0;54563
m;111704;0;0;54493
m;111715;0;0;54582
m;111726;0;0;54537
m;111737;0;0;54542
m;111749;0;0;54525
m;111760;0;0;54588
m;111772;0;0;54616
m;111783;0;0;54541
m;111794;0;0;54639
m;111806;0;0;54656
m;111817;0;0;54693
m;111828;0;0;54685
m;111841;0;0;54753
m;111851;0;0;54747
m;111862;0;0;54720
m;111874;0;0;54707
m;111885;0;0;54624
m;111896;0;0;54603
m;111907;0;0;54599
m;111919;0;0;54652
m;111930;0;0;54725
m;111941;0;0;54693
m;111953;0;0;54670
m;111965;0;0;54568
m;111975;0;0;54607
m;111987;0;0;54577
m;111998;0;0;54608
m;112010;0;0;54712
m;112022;0;0;54712
m;112032;0;0;54736
m;112044;0;0;54613
m;112056;0;0;54629
m;112067;0;0;54590
m;112078;0;0;54606
m;112089;0;0;54650
m;112100;0;0;54677
m;112111;0;0;54585
m;112122;0;0;54495
m;112135;0;0;54562
m;112145;0;0;54566
m;112156;0;0;54616
m;112168;0;0;54730
m;112180;0;0;54653
m;112191;0;0;54753
m;112202;0;0;54865
m;112214;0;0;55021
m;112225;0;0;54881
m;112237;0;0;54852
